retriever,method,samples,right_rank,mean_answer_rank,mean_trap_rank,recall@3,violation_rate@3,recall_minus_violation@3,recall@5,violation_rate@5,recall_minus_violation@5,recall@7,violation_rate@7,recall_minus_violation@7,recall@9,violation_rate@9,recall_minus_violation@9,avg_recall_minus_violation,alpha,beta,candidate_top_n
inf-retriever-v1,score_anti_rrf_call_a0.5_b1,1000,0.987,71.834,13063.483,0.941,0.058,0.8829999999999999,0.956,0.079,0.877,0.964,0.09,0.874,0.97,0.108,0.862,0.874,0.5,1.0,all
inf-retriever-v1,score_anti_rrf_call_a0.25_b1,1000,0.988,219.269,30305.399,0.835,0.005,0.83,0.864,0.007,0.857,0.876,0.011,0.865,0.886,0.015,0.871,0.8557499999999999,0.25,1.0,all
inf-retriever-v1,score_anti_rrf_c20_a0_b1,1000,0.957,15.72,50.829,0.837,0.01,0.827,0.887,0.036,0.851,0.909,0.067,0.8420000000000001,0.93,0.122,0.808,0.8320000000000001,0.0,1.0,20
inf-retriever-v1,score_anti_rrf_call_a0.75_b1,1000,0.98,6.89,5842.619,0.976,0.153,0.823,0.979,0.204,0.775,0.982,0.223,0.759,0.984,0.244,0.74,0.7742499999999999,0.75,1.0,all
inf-retriever-v1,score_anti_rrf_call_a0.25_b0.75,1000,0.959,107.247,6931.429,0.904,0.119,0.785,0.918,0.156,0.762,0.928,0.178,0.75,0.933,0.203,0.73,0.75675,0.25,0.75,all
inf-retriever-v1,score_anti_rrf_call_a0_b0.75,1000,0.957,485.42,21081.051,0.755,0.017,0.738,0.781,0.028,0.753,0.795,0.033,0.762,0.802,0.036,0.766,0.75475,0.0,0.75,all
inf-retriever-v1,score_anti_rrf_c20_a0.25_b1,1000,0.958,14.87,47.092,0.933,0.145,0.788,0.949,0.245,0.704,0.961,0.315,0.6459999999999999,0.964,0.389,0.575,0.67825,0.25,1.0,20
inf-retriever-v1,score_anti_rrf_call_a1_b1,1000,0.963,1.729,2875.585,0.986,0.25,0.736,0.991,0.306,0.685,0.992,0.346,0.646,0.992,0.377,0.615,0.6705000000000001,1.0,1.0,all
inf-retriever-v1,score_anti_rrf_c10_a0_b1,1000,0.954,15.168,43.631,0.885,0.046,0.839,0.929,0.14,0.789,0.951,0.33,0.621,0.966,0.603,0.363,0.653,0.0,1.0,10
inf-retriever-v1,score_anti_rrf_call_a0.5_b0.75,1000,0.952,20.698,2533.811,0.967,0.258,0.709,0.975,0.316,0.659,0.982,0.358,0.624,0.985,0.382,0.603,0.6487499999999999,0.5,0.75,all
inf-retriever-v1,score_anti_rrf_call_a0_b1,1000,0.983,2274.555,69086.799,0.58,0.0,0.58,0.618,0.0,0.618,0.64,0.0,0.64,0.653,0.0,0.653,0.62275,0.0,1.0,all
inf-retriever-v1,score_anti_rrf_c20_a0_b0.75,1000,0.915,15.325,45.511,0.881,0.225,0.656,0.912,0.344,0.5680000000000001,0.934,0.424,0.51,0.945,0.489,0.45599999999999996,0.5475000000000001,0.0,0.75,20
inf-retriever-v1,score_anti_rrf_call_a0.75_b0.75,1000,0.939,2.118,1129.72,0.987,0.369,0.618,0.988,0.438,0.55,0.989,0.478,0.511,0.989,0.507,0.482,0.5402500000000001,0.75,0.75,all
inf-retriever-v1,score_anti_rrf_c20_a0.5_b1,1000,0.949,14.643,44.676,0.959,0.327,0.6319999999999999,0.971,0.414,0.5569999999999999,0.973,0.475,0.498,0.974,0.531,0.44299999999999995,0.5325,0.5,1.0,20
inf-retriever-v1,score_anti_rrf_call_a0_b0.5,1000,0.887,185.186,3212.697,0.814,0.254,0.5599999999999999,0.844,0.311,0.5329999999999999,0.857,0.349,0.508,0.866,0.373,0.493,0.5235,0.0,0.5,all
inf-retriever-v1,score_anti_rrf_c10_a0.25_b1,1000,0.948,14.769,42.156,0.945,0.237,0.708,0.963,0.378,0.585,0.969,0.528,0.44099999999999995,0.971,0.7,0.271,0.50125,0.25,1.0,10
inf-retriever-v1,score_anti_rrf_call_a0.25_b0.5,1000,0.884,55.13,935.461,0.936,0.418,0.518,0.952,0.49,0.46199999999999997,0.958,0.533,0.42499999999999993,0.964,0.568,0.396,0.45024999999999993,0.25,0.5,all
inf-retriever-v1,score_anti_rrf_call_a1_b0.75,1000,0.926,1.336,619.694,0.99,0.461,0.5289999999999999,0.991,0.528,0.46299999999999997,0.993,0.573,0.42000000000000004,0.993,0.606,0.387,0.44975,1.0,0.75,all
inf-retriever-v1,score_anti_rrf_c20_a0.75_b1,1000,0.927,14.61,43.144,0.966,0.426,0.54,0.974,0.526,0.44799999999999995,0.974,0.579,0.395,0.975,0.626,0.349,0.433,0.75,1.0,20
inf-retriever-v1,score_anti_rrf_c20_a0.25_b0.75,1000,0.912,14.777,43.075,0.949,0.42,0.5289999999999999,0.961,0.514,0.44699999999999995,0.968,0.582,0.386,0.972,0.636,0.33599999999999997,0.4245,0.25,0.75,20
inf-retriever-v1,score_anti_rrf_c10_a0.5_b1,1000,0.935,14.684,41.221,0.956,0.394,0.5619999999999999,0.968,0.508,0.45999999999999996,0.971,0.617,0.354,0.971,0.75,0.22099999999999997,0.39925,0.5,1.0,10
inf-retriever-v1,score_anti_rrf_c10_a0_b0.75,1000,0.905,15.022,41.387,0.906,0.346,0.56,0.942,0.493,0.44899999999999995,0.96,0.617,0.34299999999999997,0.967,0.757,0.20999999999999996,0.39049999999999996,0.0,0.75,10
inf-retriever-v1,score_anti_rrf_c20_a1_b1,1000,0.903,14.616,42.128,0.97,0.506,0.46399999999999997,0.975,0.599,0.376,0.975,0.644,0.33099999999999996,0.975,0.681,0.29399999999999993,0.36624999999999996,1.0,1.0,20
inf-retriever-v1,score_anti_rrf_call_a0.5_b0.5,1000,0.882,5.368,397.594,0.976,0.534,0.44199999999999995,0.984,0.613,0.371,0.988,0.652,0.33599999999999997,0.989,0.691,0.29800000000000004,0.36175,0.5,0.5,all
inf-retriever-v1,score_anti_rrf_c10_a0.75_b1,1000,0.912,14.673,40.637,0.963,0.472,0.491,0.969,0.588,0.381,0.971,0.684,0.2869999999999999,0.971,0.791,0.17999999999999994,0.33474999999999994,0.75,1.0,10
inf-retriever-v1,score_anti_rrf_c20_a0.5_b0.75,1000,0.903,14.65,41.689,0.967,0.526,0.44099999999999995,0.971,0.622,0.349,0.973,0.679,0.29399999999999993,0.974,0.723,0.251,0.33375,0.5,0.75,20
inf-retriever-v1,score_anti_rrf_c10_a0.25_b0.75,1000,0.903,14.769,40.498,0.949,0.488,0.46099999999999997,0.962,0.615,0.347,0.968,0.7,0.268,0.971,0.799,0.17199999999999993,0.312,0.25,0.75,10
inf-retriever-v1,score_anti_rrf_call_a0.75_b0.5,1000,0.87,1.575,220.033,0.989,0.613,0.376,0.991,0.689,0.30200000000000005,0.993,0.731,0.262,0.994,0.765,0.22899999999999998,0.29225,0.75,0.5,all
inf-retriever-v1,score_anti_rrf_c10_a1_b1,1000,0.888,14.691,40.222,0.965,0.545,0.41999999999999993,0.969,0.644,0.32499999999999996,0.971,0.715,0.256,0.971,0.811,0.15999999999999992,0.29024999999999995,1.0,1.0,10
inf-retriever-v1,score_anti_rrf_c20_a0_b0.5,1000,0.822,15.254,41.528,0.899,0.539,0.36,0.925,0.622,0.30300000000000005,0.942,0.685,0.2569999999999999,0.956,0.722,0.23399999999999999,0.2885,0.0,0.5,20
inf-retriever-v1,score_anti_rrf_c20_a0.75_b0.75,1000,0.88,14.645,40.822,0.97,0.601,0.369,0.973,0.688,0.28500000000000003,0.975,0.736,0.239,0.975,0.772,0.20299999999999996,0.274,0.75,0.75,20
inf-retriever-v1,score_anti_rrf_c10_a0.5_b0.75,1000,0.892,14.707,39.928,0.962,0.576,0.386,0.967,0.692,0.275,0.971,0.759,0.21199999999999997,0.971,0.837,0.134,0.25175000000000003,0.5,0.75,10
inf-retriever-v1,score_anti_rrf_call_a1_b0.5,1000,0.853,1.407,131.873,0.992,0.669,0.32299999999999995,0.992,0.742,0.25,0.993,0.776,0.21699999999999997,0.995,0.804,0.19099999999999995,0.24524999999999997,1.0,0.5,all
inf-retriever-v1,score_anti_rrf_call_a0_b0.3,1000,0.775,127.96,550.282,0.849,0.544,0.30499999999999994,0.872,0.623,0.249,0.884,0.661,0.22299999999999998,0.894,0.696,0.19800000000000006,0.24375,0.0,0.3,all
inf-retriever-v1,score_anti_rrf_c20_a1_b0.75,1000,0.854,14.659,40.286,0.972,0.653,0.31899999999999995,0.975,0.73,0.245,0.975,0.766,0.20899999999999996,0.975,0.802,0.17299999999999993,0.23649999999999996,1.0,0.75,20
inf-retriever-v1,score_anti_rrf_c20_a0.25_b0.5,1000,0.842,14.815,40.289,0.95,0.635,0.31499999999999995,0.964,0.719,0.245,0.968,0.769,0.19899999999999995,0.972,0.801,0.17099999999999993,0.23249999999999996,0.25,0.5,20
inf-retriever-v1,score_anti_rrf_c5_a0_b1,1000,0.933,14.929,40.241,0.932,0.264,0.668,0.958,0.857,0.10099999999999998,0.964,0.885,0.07899999999999996,0.968,0.9,0.06799999999999995,0.22899999999999998,0.0,1.0,5
inf-retriever-v1,score_anti_rrf_c10_a0.75_b0.75,1000,0.869,14.71,39.618,0.966,0.633,0.33299999999999996,0.969,0.728,0.241,0.971,0.787,0.18399999999999994,0.971,0.848,0.123,0.22024999999999997,0.75,0.75,10
inf-retriever-v1,score_anti_rrf_c10_a0_b0.5,1000,0.813,15.043,39.779,0.912,0.589,0.32300000000000006,0.947,0.707,0.24,0.959,0.765,0.19399999999999995,0.968,0.847,0.121,0.2195,0.0,0.5,10
inf-retriever-v1,score_anti_rrf_call_a0.25_b0.3,1000,0.789,23.782,215.667,0.932,0.682,0.25,0.956,0.736,0.21999999999999997,0.966,0.773,0.19299999999999995,0.968,0.795,0.17299999999999993,0.20899999999999996,0.25,0.3,all
inf-retriever-v1,score_anti_rrf_c10_a1_b0.75,1000,0.843,14.734,39.357,0.965,0.668,0.29699999999999993,0.969,0.759,0.20999999999999996,0.97,0.814,0.15600000000000003,0.971,0.867,0.10399999999999998,0.19174999999999998,1.0,0.75,10
inf-retriever-v1,score_anti_rrf_c5_a0.25_b1,1000,0.931,14.786,39.803,0.945,0.427,0.518,0.958,0.857,0.10099999999999998,0.964,0.885,0.07899999999999996,0.968,0.9,0.06799999999999995,0.19149999999999998,0.25,1.0,5
inf-retriever-v1,score_anti_rrf_c20_a0.5_b0.5,1000,0.828,14.725,39.601,0.967,0.712,0.255,0.971,0.767,0.20399999999999996,0.972,0.816,0.15600000000000003,0.974,0.835,0.139,0.1885,0.5,0.5,20
inf-retriever-v1,score_anti_rrf_c10_a0.25_b0.5,1000,0.833,14.826,39.282,0.951,0.679,0.2719999999999999,0.962,0.771,0.19099999999999995,0.969,0.822,0.14700000000000002,0.971,0.871,0.09999999999999998,0.17749999999999996,0.25,0.5,10
inf-retriever-v1,score_anti_rrf_call_a0.5_b0.3,1000,0.782,3.14,113.38,0.978,0.748,0.22999999999999998,0.984,0.807,0.17699999999999994,0.988,0.838,0.15000000000000002,0.989,0.857,0.132,0.17225,0.5,0.3,all
inf-retriever-v1,score_anti_rrf_c5_a0.5_b1,1000,0.908,14.753,39.515,0.955,0.519,0.43599999999999994,0.958,0.857,0.10099999999999998,0.964,0.885,0.07899999999999996,0.968,0.9,0.06799999999999995,0.17099999999999996,0.5,1.0,5
inf-retriever-v1,score_anti_rrf_c5_a0_b0.75,1000,0.876,14.907,39.483,0.927,0.532,0.395,0.958,0.857,0.10099999999999998,0.964,0.885,0.07899999999999996,0.968,0.9,0.06799999999999995,0.16074999999999998,0.0,0.75,5
inf-retriever-v1,score_anti_rrf_c5_a0.75_b1,1000,0.891,14.751,39.331,0.956,0.57,0.386,0.958,0.857,0.10099999999999998,0.964,0.885,0.07899999999999996,0.968,0.9,0.06799999999999995,0.15849999999999997,0.75,1.0,5
inf-retriever-v1,score_anti_rrf_c20_a0.75_b0.5,1000,0.816,14.706,39.174,0.97,0.742,0.22799999999999998,0.973,0.806,0.16699999999999993,0.975,0.849,0.126,0.975,0.871,0.10399999999999998,0.15624999999999997,0.75,0.5,20
inf-retriever-v1,score_anti_rrf_c20_a0_b0.3,1000,0.733,15.295,39.541,0.899,0.705,0.19400000000000006,0.931,0.764,0.16700000000000004,0.945,0.805,0.1399999999999999,0.954,0.836,0.118,0.15475,0.0,0.3,20
